Document,Category
Advancements in AI and machine learning are revolutionizing software development.,Technology
Blockchain technology promises to transform financial transactions and data security.,Technology
The rise of 5G networks is enhancing mobile connectivity and data transfer speeds.,Technology
Cloud computing offers scalable solutions for businesses and individual users.,Technology
Quantum computing is poised to bring breakthroughs in various scientific fields.,Technology
Robotics and automation are significantly impacting manufacturing processes.,Technology
Cybersecurity remains a key challenge in the digital age.,Technology
"The Internet of Things (IoT) is connecting everyday devices, creating smart environments.",Technology
Virtual reality (VR) and augmented reality (AR) are changing the gaming and education sectors.,Technology
Renewable energy technology is crucial for sustainable technological development.,Technology
Climate change impacts are becoming more evident and demand urgent action.,Environment
Conservation efforts are vital for protecting biodiversity and natural ecosystems.,Environment
Sustainable agriculture practices are essential for food security and environmental health.,Environment
Renewable energy sources like solar and wind are key to reducing carbon emissions.,Environment
Pollution control and waste management are critical for urban and rural areas alike.,Environment
Water conservation is increasingly important in the face of global water scarcity.,Environment
Protecting ocean health is essential for marine life and coastal communities.,Environment
Deforestation is a major concern for wildlife habitats and the climate.,Environment
Green building designs contribute to energy efficiency and environmental sustainability.,Environment
Public awareness and education are crucial for environmental conservation efforts.,Environment
Exploring global cuisines offers insights into different cultures and traditions.,Food
Organic food markets are gaining popularity for their health and environmental benefits.,Food
Vegetarian and vegan diets are on the rise due to health and ethical considerations.,Food
Food technology innovations are reshaping the future of food production and safety.,Food
Nutritional science plays a key role in promoting healthy eating habits.,Food
"The farm-to-table movement emphasizes fresh, locally sourced ingredients.",Food
"Culinary arts combine creativity, culture, and cooking techniques.",Food
Food safety regulations are essential for public health protection.,Food
Gastronomy and food tourism are becoming significant aspects of travel experiences.,Food
Sustainable fishing practices are crucial for marine conservation and food security.,Food
